-- ============================================================================
-- 014: Demo seed — 15 tenants around Milpitas CA 95035
-- Diverse business types with staff, services, extras, and coupons
-- ============================================================================

-- ── TENANTS ─────────────────────────────────────────────────────────────────

INSERT INTO tenants (id, name, category_id, subscription_plan_id, status, owner_name, email, phone) VALUES
('a0000001-0000-0000-0000-000000000001', 'Milpitas Fades Barbershop', '934ce2d0-4eda-4252-ab85-8d62289ef70b', '420358c4-472b-4f48-814b-b9d883ae7c51', 'active', 'Marcus Johnson', 'marcus@milpitasfades.com', '(408) 555-0101'),
('a0000001-0000-0000-0000-000000000002', 'Zen Garden Spa & Wellness', 'cf7d47c0-d58b-49dc-a91e-d26107f3c799', '3344e86c-fd3c-4ca2-9011-1360579ec212', 'active', 'Yuki Tanaka', 'yuki@zengardenspa.com', '(408) 555-0102'),
('a0000001-0000-0000-0000-000000000003', 'Sunrise Yoga Studio', 'd712db4e-63b6-4bd8-b098-2a8169b82fc3', '420358c4-472b-4f48-814b-b9d883ae7c51', 'active', 'Priya Sharma', 'priya@sunriseyoga.com', '(408) 555-0103'),
('a0000001-0000-0000-0000-000000000004', 'Peak Performance Coaching', '8f9cafc0-3377-4b9f-8dbe-955b4d19ac08', 'e31ac8c7-9ab0-493b-9af6-a41e099ac6ff', 'active', 'David Chen', 'david@peakcoaching.com', '(408) 555-0104'),
('a0000001-0000-0000-0000-000000000005', 'Milpitas Family Dental', 'cf7d47c0-d58b-49dc-a91e-d26107f3c799', '3344e86c-fd3c-4ca2-9011-1360579ec212', 'active', 'Dr. Sarah Kim', 'sarah@milpitasdental.com', '(408) 555-0105'),
('a0000001-0000-0000-0000-000000000006', 'Glow Skin Studio', '934ce2d0-4eda-4252-ab85-8d62289ef70b', '420358c4-472b-4f48-814b-b9d883ae7c51', 'active', 'Isabella Rodriguez', 'isabella@glowskin.com', '(408) 555-0106'),
('a0000001-0000-0000-0000-000000000007', 'Luxe Nails & Beauty', '934ce2d0-4eda-4252-ab85-8d62289ef70b', 'e31ac8c7-9ab0-493b-9af6-a41e099ac6ff', 'active', 'Linh Nguyen', 'linh@luxenails.com', '(408) 555-0107'),
('a0000001-0000-0000-0000-000000000008', 'FitZone Personal Training', 'd712db4e-63b6-4bd8-b098-2a8169b82fc3', '420358c4-472b-4f48-814b-b9d883ae7c51', 'active', 'Jake Thompson', 'jake@fitzone.com', '(408) 555-0108'),
('a0000001-0000-0000-0000-000000000009', 'Mindful Therapy Center', 'cf7d47c0-d58b-49dc-a91e-d26107f3c799', '420358c4-472b-4f48-814b-b9d883ae7c51', 'active', 'Dr. Amanda Foster', 'amanda@mindfultherapy.com', '(408) 555-0109'),
('a0000001-0000-0000-0000-000000000010', 'Silicon Valley Chiropractic', 'cf7d47c0-d58b-49dc-a91e-d26107f3c799', '420358c4-472b-4f48-814b-b9d883ae7c51', 'active', 'Dr. Robert Lee', 'robert@svchiro.com', '(408) 555-0110'),
('a0000001-0000-0000-0000-000000000011', 'Lash & Brow Lounge', '934ce2d0-4eda-4252-ab85-8d62289ef70b', 'e31ac8c7-9ab0-493b-9af6-a41e099ac6ff', 'active', 'Megan Park', 'megan@lashbrow.com', '(408) 555-0111'),
('a0000001-0000-0000-0000-000000000012', 'Milpitas Music Academy', '37faffd2-88d2-4abb-bc27-9ed0afbf9855', '420358c4-472b-4f48-814b-b9d883ae7c51', 'active', 'Carlos Martinez', 'carlos@milpitasmusic.com', '(408) 555-0112'),
('a0000001-0000-0000-0000-000000000013', 'Happy Paws Pet Grooming', '2f45ed67-280c-498f-ad3b-951a1e5d6b5f', 'e31ac8c7-9ab0-493b-9af6-a41e099ac6ff', 'active', 'Emily Watson', 'emily@happypaws.com', '(408) 555-0113'),
('a0000001-0000-0000-0000-000000000014', 'Elite Auto Detailing', '3e924d19-44d1-4bc7-849a-cfe9e961a458', 'e31ac8c7-9ab0-493b-9af6-a41e099ac6ff', 'active', 'Tony Reeves', 'tony@eliteauto.com', '(408) 555-0114'),
('a0000001-0000-0000-0000-000000000015', 'NutriLife Wellness Coach', 'ba4ecccf-283b-4a03-8e17-e941a03b885b', 'e31ac8c7-9ab0-493b-9af6-a41e099ac6ff', 'active', 'Rachel Green', 'rachel@nutrilife.com', '(408) 555-0115');

-- ── TENANT LOCATIONS ────────────────────────────────────────────────────────

INSERT INTO tenant_locations (id, tenant_id, name, address, lat, lng, timezone) VALUES
('b0000001-0000-0000-0000-000000000001', 'a0000001-0000-0000-0000-000000000001', 'Milpitas Fades - Main', '348 S Main St, Milpitas, CA 95035', 37.4282, -121.9062, 'America/Los_Angeles'),
('b0000001-0000-0000-0000-000000000002', 'a0000001-0000-0000-0000-000000000002', 'Zen Garden Spa', '1275 Great Mall Dr, Milpitas, CA 95035', 37.4155, -121.8972, 'America/Los_Angeles'),
('b0000001-0000-0000-0000-000000000003', 'a0000001-0000-0000-0000-000000000003', 'Sunrise Yoga - Calaveras', '777 Calaveras Blvd, Milpitas, CA 95035', 37.4323, -121.8996, 'America/Los_Angeles'),
('b0000001-0000-0000-0000-000000000004', 'a0000001-0000-0000-0000-000000000004', 'Peak Performance Office', '1500 McCarthy Blvd #200, Milpitas, CA 95035', 37.4110, -121.9220, 'America/Los_Angeles'),
('b0000001-0000-0000-0000-000000000005', 'a0000001-0000-0000-0000-000000000005', 'Milpitas Family Dental', '200 Serra Way #100, Milpitas, CA 95035', 37.4345, -121.8950, 'America/Los_Angeles'),
('b0000001-0000-0000-0000-000000000006', 'a0000001-0000-0000-0000-000000000006', 'Glow Skin Studio', '456 Abel St, Milpitas, CA 95035', 37.4254, -121.8930, 'America/Los_Angeles'),
('b0000001-0000-0000-0000-000000000007', 'a0000001-0000-0000-0000-000000000007', 'Luxe Nails & Beauty', '87 Dixon Rd, Milpitas, CA 95035', 37.4450, -121.9020, 'America/Los_Angeles'),
('b0000001-0000-0000-0000-000000000008', 'a0000001-0000-0000-0000-000000000008', 'FitZone Gym', '1060 Jacklin Rd, Milpitas, CA 95035', 37.4380, -121.9110, 'America/Los_Angeles'),
('b0000001-0000-0000-0000-000000000009', 'a0000001-0000-0000-0000-000000000009', 'Mindful Therapy Center', '275 S Milpitas Blvd #110, Milpitas, CA 95035', 37.4295, -121.9065, 'America/Los_Angeles'),
('b0000001-0000-0000-0000-000000000010', 'a0000001-0000-0000-0000-000000000010', 'SV Chiropractic', '1600 Barber Ln #120, Milpitas, CA 95035', 37.4160, -121.9280, 'America/Los_Angeles'),
('b0000001-0000-0000-0000-000000000011', 'a0000001-0000-0000-0000-000000000011', 'Lash & Brow Lounge', '310 Ranch Dr, Milpitas, CA 95035', 37.4310, -121.9135, 'America/Los_Angeles'),
('b0000001-0000-0000-0000-000000000012', 'a0000001-0000-0000-0000-000000000012', 'Milpitas Music Academy', '490 N Milpitas Blvd, Milpitas, CA 95035', 37.4365, -121.9085, 'America/Los_Angeles'),
('b0000001-0000-0000-0000-000000000013', 'a0000001-0000-0000-0000-000000000013', 'Happy Paws', '1430 S Main St, Milpitas, CA 95035', 37.4200, -121.9050, 'America/Los_Angeles'),
('b0000001-0000-0000-0000-000000000014', 'a0000001-0000-0000-0000-000000000014', 'Elite Auto Detailing', '1890 Tarob Ct, Milpitas, CA 95035', 37.4130, -121.9190, 'America/Los_Angeles'),
('b0000001-0000-0000-0000-000000000015', 'a0000001-0000-0000-0000-000000000015', 'NutriLife Office', '635 Wool Creek Dr #100, Milpitas, CA 95035', 37.4225, -121.8910, 'America/Los_Angeles');

-- ── STAFF ───────────────────────────────────────────────────────────────────

INSERT INTO staff (id, tenant_id, name, email, phone, profession, status, availability_schedule) VALUES
('c0000001-0000-0000-0000-000000000001', 'a0000001-0000-0000-0000-000000000001', 'Marcus Johnson', 'marcus@milpitasfades.com', '(408) 555-1001', 'Master Barber', 'active', '{"monday":{"start":"09:00","end":"18:00"},"tuesday":{"start":"09:00","end":"18:00"},"wednesday":{"start":"09:00","end":"18:00"},"thursday":{"start":"09:00","end":"18:00"},"friday":{"start":"09:00","end":"19:00"},"saturday":{"start":"08:00","end":"17:00"}}'),
('c0000001-0000-0000-0000-000000000002', 'a0000001-0000-0000-0000-000000000001', 'DeShawn Williams', 'deshawn@milpitasfades.com', '(408) 555-1002', 'Senior Barber', 'active', '{"monday":{"start":"10:00","end":"19:00"},"tuesday":{"start":"10:00","end":"19:00"},"wednesday":{"start":"10:00","end":"19:00"},"thursday":{"start":"10:00","end":"19:00"},"friday":{"start":"10:00","end":"20:00"},"saturday":{"start":"09:00","end":"18:00"}}'),
('c0000001-0000-0000-0000-000000000003', 'a0000001-0000-0000-0000-000000000001', 'Andre Davis', 'andre@milpitasfades.com', '(408) 555-1003', 'Barber', 'active', '{"tuesday":{"start":"09:00","end":"17:00"},"wednesday":{"start":"09:00","end":"17:00"},"thursday":{"start":"09:00","end":"17:00"},"friday":{"start":"09:00","end":"17:00"},"saturday":{"start":"09:00","end":"17:00"}}'),
('c0000001-0000-0000-0000-000000000004', 'a0000001-0000-0000-0000-000000000002', 'Yuki Tanaka', 'yuki@zengardenspa.com', '(408) 555-1004', 'Lead Massage Therapist', 'active', '{"monday":{"start":"09:00","end":"18:00"},"tuesday":{"start":"09:00","end":"18:00"},"wednesday":{"start":"09:00","end":"18:00"},"thursday":{"start":"09:00","end":"18:00"},"friday":{"start":"09:00","end":"18:00"}}'),
('c0000001-0000-0000-0000-000000000005', 'a0000001-0000-0000-0000-000000000002', 'Mei Lin Wong', 'mei@zengardenspa.com', '(408) 555-1005', 'Massage Therapist', 'active', '{"monday":{"start":"10:00","end":"19:00"},"wednesday":{"start":"10:00","end":"19:00"},"thursday":{"start":"10:00","end":"19:00"},"friday":{"start":"10:00","end":"19:00"},"saturday":{"start":"09:00","end":"17:00"}}'),
('c0000001-0000-0000-0000-000000000006', 'a0000001-0000-0000-0000-000000000002', 'Aisha Patel', 'aisha@zengardenspa.com', '(408) 555-1006', 'Esthetician', 'active', '{"tuesday":{"start":"09:00","end":"17:00"},"wednesday":{"start":"09:00","end":"17:00"},"thursday":{"start":"09:00","end":"17:00"},"friday":{"start":"09:00","end":"17:00"},"saturday":{"start":"10:00","end":"16:00"}}'),
('c0000001-0000-0000-0000-000000000007', 'a0000001-0000-0000-0000-000000000002', 'Jasmine Lee', 'jasmine@zengardenspa.com', '(408) 555-1007', 'Spa Therapist', 'active', '{"monday":{"start":"09:00","end":"17:00"},"tuesday":{"start":"09:00","end":"17:00"},"wednesday":{"start":"09:00","end":"17:00"},"saturday":{"start":"09:00","end":"16:00"},"sunday":{"start":"10:00","end":"15:00"}}'),
('c0000001-0000-0000-0000-000000000008', 'a0000001-0000-0000-0000-000000000003', 'Priya Sharma', 'priya@sunriseyoga.com', '(408) 555-1008', 'Lead Yoga Instructor', 'active', '{"monday":{"start":"06:00","end":"12:00"},"tuesday":{"start":"06:00","end":"12:00"},"wednesday":{"start":"06:00","end":"12:00"},"thursday":{"start":"06:00","end":"12:00"},"friday":{"start":"06:00","end":"12:00"},"saturday":{"start":"07:00","end":"11:00"}}'),
('c0000001-0000-0000-0000-000000000009', 'a0000001-0000-0000-0000-000000000003', 'Luna Rivera', 'luna@sunriseyoga.com', '(408) 555-1009', 'Yoga Instructor', 'active', '{"monday":{"start":"16:00","end":"21:00"},"tuesday":{"start":"16:00","end":"21:00"},"wednesday":{"start":"16:00","end":"21:00"},"thursday":{"start":"16:00","end":"21:00"},"saturday":{"start":"08:00","end":"13:00"}}'),
('c0000001-0000-0000-0000-000000000010', 'a0000001-0000-0000-0000-000000000003', 'Raj Kapoor', 'raj@sunriseyoga.com', '(408) 555-1010', 'Hot Yoga Instructor', 'active', '{"tuesday":{"start":"06:00","end":"12:00"},"thursday":{"start":"06:00","end":"12:00"},"saturday":{"start":"07:00","end":"12:00"},"sunday":{"start":"08:00","end":"12:00"}}'),
('c0000001-0000-0000-0000-000000000011', 'a0000001-0000-0000-0000-000000000004', 'David Chen', 'david@peakcoaching.com', '(408) 555-1011', 'Executive Coach', 'active', '{"monday":{"start":"08:00","end":"17:00"},"tuesday":{"start":"08:00","end":"17:00"},"wednesday":{"start":"08:00","end":"17:00"},"thursday":{"start":"08:00","end":"17:00"},"friday":{"start":"08:00","end":"15:00"}}'),
('c0000001-0000-0000-0000-000000000012', 'a0000001-0000-0000-0000-000000000005', 'Dr. Sarah Kim', 'sarah@milpitasdental.com', '(408) 555-1012', 'General Dentist', 'active', '{"monday":{"start":"08:00","end":"17:00"},"tuesday":{"start":"08:00","end":"17:00"},"wednesday":{"start":"08:00","end":"17:00"},"thursday":{"start":"08:00","end":"17:00"},"friday":{"start":"08:00","end":"14:00"}}'),
('c0000001-0000-0000-0000-000000000013', 'a0000001-0000-0000-0000-000000000005', 'Dr. Kevin Pham', 'kevin@milpitasdental.com', '(408) 555-1013', 'Cosmetic Dentist', 'active', '{"monday":{"start":"09:00","end":"18:00"},"tuesday":{"start":"09:00","end":"18:00"},"thursday":{"start":"09:00","end":"18:00"},"friday":{"start":"09:00","end":"16:00"}}'),
('c0000001-0000-0000-0000-000000000014', 'a0000001-0000-0000-0000-000000000005', 'Dr. Lisa Chang', 'lisa@milpitasdental.com', '(408) 555-1014', 'Dental Hygienist', 'active', '{"monday":{"start":"08:00","end":"16:00"},"tuesday":{"start":"08:00","end":"16:00"},"wednesday":{"start":"08:00","end":"16:00"},"thursday":{"start":"08:00","end":"16:00"},"friday":{"start":"08:00","end":"13:00"}}'),
('c0000001-0000-0000-0000-000000000015', 'a0000001-0000-0000-0000-000000000006', 'Isabella Rodriguez', 'isabella@glowskin.com', '(408) 555-1015', 'Lead Esthetician', 'active', '{"monday":{"start":"09:00","end":"18:00"},"tuesday":{"start":"09:00","end":"18:00"},"wednesday":{"start":"09:00","end":"18:00"},"thursday":{"start":"09:00","end":"18:00"},"friday":{"start":"09:00","end":"18:00"},"saturday":{"start":"10:00","end":"16:00"}}'),
('c0000001-0000-0000-0000-000000000016', 'a0000001-0000-0000-0000-000000000006', 'Sofia Nguyen', 'sofia@glowskin.com', '(408) 555-1016', 'Skincare Specialist', 'active', '{"tuesday":{"start":"10:00","end":"18:00"},"wednesday":{"start":"10:00","end":"18:00"},"thursday":{"start":"10:00","end":"18:00"},"friday":{"start":"10:00","end":"18:00"},"saturday":{"start":"09:00","end":"17:00"}}'),
('c0000001-0000-0000-0000-000000000017', 'a0000001-0000-0000-0000-000000000007', 'Linh Nguyen', 'linh@luxenails.com', '(408) 555-1017', 'Nail Artist', 'active', '{"monday":{"start":"09:30","end":"19:00"},"tuesday":{"start":"09:30","end":"19:00"},"wednesday":{"start":"09:30","end":"19:00"},"thursday":{"start":"09:30","end":"19:00"},"friday":{"start":"09:30","end":"19:00"},"saturday":{"start":"09:00","end":"18:00"},"sunday":{"start":"10:00","end":"16:00"}}'),
('c0000001-0000-0000-0000-000000000018', 'a0000001-0000-0000-0000-000000000007', 'Kim Tran', 'kim@luxenails.com', '(408) 555-1018', 'Nail Technician', 'active', '{"monday":{"start":"09:30","end":"19:00"},"tuesday":{"start":"09:30","end":"19:00"},"wednesday":{"start":"09:30","end":"19:00"},"thursday":{"start":"09:30","end":"19:00"},"friday":{"start":"09:30","end":"19:00"},"saturday":{"start":"09:00","end":"18:00"}}'),
('c0000001-0000-0000-0000-000000000019', 'a0000001-0000-0000-0000-000000000007', 'Mai Hoang', 'mai@luxenails.com', '(408) 555-1019', 'Pedicure Specialist', 'active', '{"tuesday":{"start":"10:00","end":"18:00"},"wednesday":{"start":"10:00","end":"18:00"},"thursday":{"start":"10:00","end":"18:00"},"friday":{"start":"10:00","end":"18:00"},"saturday":{"start":"09:00","end":"17:00"},"sunday":{"start":"10:00","end":"16:00"}}'),
('c0000001-0000-0000-0000-000000000020', 'a0000001-0000-0000-0000-000000000008', 'Jake Thompson', 'jake@fitzone.com', '(408) 555-1020', 'Head Trainer', 'active', '{"monday":{"start":"05:00","end":"14:00"},"tuesday":{"start":"05:00","end":"14:00"},"wednesday":{"start":"05:00","end":"14:00"},"thursday":{"start":"05:00","end":"14:00"},"friday":{"start":"05:00","end":"12:00"},"saturday":{"start":"06:00","end":"12:00"}}'),
('c0000001-0000-0000-0000-000000000021', 'a0000001-0000-0000-0000-000000000008', 'Brittany Moore', 'brittany@fitzone.com', '(408) 555-1021', 'Personal Trainer', 'active', '{"monday":{"start":"14:00","end":"21:00"},"tuesday":{"start":"14:00","end":"21:00"},"wednesday":{"start":"14:00","end":"21:00"},"thursday":{"start":"14:00","end":"21:00"},"friday":{"start":"12:00","end":"20:00"}}'),
('c0000001-0000-0000-0000-000000000022', 'a0000001-0000-0000-0000-000000000009', 'Dr. Amanda Foster', 'amanda@mindfultherapy.com', '(408) 555-1022', 'Licensed Psychologist', 'active', '{"monday":{"start":"09:00","end":"17:00"},"tuesday":{"start":"09:00","end":"17:00"},"wednesday":{"start":"09:00","end":"17:00"},"thursday":{"start":"09:00","end":"17:00"}}'),
('c0000001-0000-0000-0000-000000000023', 'a0000001-0000-0000-0000-000000000009', 'Dr. James Morton', 'james@mindfultherapy.com', '(408) 555-1023', 'Marriage & Family Therapist', 'active', '{"monday":{"start":"10:00","end":"18:00"},"tuesday":{"start":"10:00","end":"18:00"},"thursday":{"start":"10:00","end":"18:00"},"friday":{"start":"10:00","end":"18:00"}}'),
('c0000001-0000-0000-0000-000000000024', 'a0000001-0000-0000-0000-000000000010', 'Dr. Robert Lee', 'robert@svchiro.com', '(408) 555-1024', 'Chiropractor', 'active', '{"monday":{"start":"08:00","end":"17:00"},"tuesday":{"start":"08:00","end":"17:00"},"wednesday":{"start":"08:00","end":"17:00"},"thursday":{"start":"08:00","end":"17:00"},"friday":{"start":"08:00","end":"14:00"}}'),
('c0000001-0000-0000-0000-000000000025', 'a0000001-0000-0000-0000-000000000010', 'Dr. Nina Gupta', 'nina@svchiro.com', '(408) 555-1025', 'Sports Chiropractor', 'active', '{"monday":{"start":"10:00","end":"18:00"},"wednesday":{"start":"10:00","end":"18:00"},"thursday":{"start":"10:00","end":"18:00"},"friday":{"start":"10:00","end":"16:00"},"saturday":{"start":"09:00","end":"13:00"}}'),
('c0000001-0000-0000-0000-000000000026', 'a0000001-0000-0000-0000-000000000011', 'Megan Park', 'megan@lashbrow.com', '(408) 555-1026', 'Lash Artist', 'active', '{"monday":{"start":"09:00","end":"18:00"},"tuesday":{"start":"09:00","end":"18:00"},"wednesday":{"start":"09:00","end":"18:00"},"thursday":{"start":"09:00","end":"18:00"},"friday":{"start":"09:00","end":"18:00"},"saturday":{"start":"09:00","end":"16:00"}}'),
('c0000001-0000-0000-0000-000000000027', 'a0000001-0000-0000-0000-000000000011', 'Hannah Cho', 'hannah@lashbrow.com', '(408) 555-1027', 'Brow Specialist', 'active', '{"tuesday":{"start":"10:00","end":"18:00"},"wednesday":{"start":"10:00","end":"18:00"},"thursday":{"start":"10:00","end":"18:00"},"friday":{"start":"10:00","end":"18:00"},"saturday":{"start":"09:00","end":"17:00"}}'),
('c0000001-0000-0000-0000-000000000028', 'a0000001-0000-0000-0000-000000000012', 'Carlos Martinez', 'carlos@milpitasmusic.com', '(408) 555-1028', 'Guitar Instructor', 'active', '{"monday":{"start":"14:00","end":"21:00"},"tuesday":{"start":"14:00","end":"21:00"},"wednesday":{"start":"14:00","end":"21:00"},"thursday":{"start":"14:00","end":"21:00"},"saturday":{"start":"09:00","end":"15:00"}}'),
('c0000001-0000-0000-0000-000000000029', 'a0000001-0000-0000-0000-000000000012', 'Diana Popov', 'diana@milpitasmusic.com', '(408) 555-1029', 'Piano Instructor', 'active', '{"monday":{"start":"13:00","end":"20:00"},"tuesday":{"start":"13:00","end":"20:00"},"wednesday":{"start":"13:00","end":"20:00"},"friday":{"start":"13:00","end":"20:00"},"saturday":{"start":"10:00","end":"16:00"}}'),
('c0000001-0000-0000-0000-000000000030', 'a0000001-0000-0000-0000-000000000012', 'Marcus Bell', 'mbell@milpitasmusic.com', '(408) 555-1030', 'Drum & Voice Instructor', 'active', '{"tuesday":{"start":"15:00","end":"21:00"},"wednesday":{"start":"15:00","end":"21:00"},"thursday":{"start":"15:00","end":"21:00"},"friday":{"start":"15:00","end":"21:00"},"saturday":{"start":"10:00","end":"16:00"}}'),
('c0000001-0000-0000-0000-000000000031', 'a0000001-0000-0000-0000-000000000013', 'Emily Watson', 'emily@happypaws.com', '(408) 555-1031', 'Lead Groomer', 'active', '{"monday":{"start":"08:00","end":"17:00"},"tuesday":{"start":"08:00","end":"17:00"},"wednesday":{"start":"08:00","end":"17:00"},"thursday":{"start":"08:00","end":"17:00"},"friday":{"start":"08:00","end":"17:00"},"saturday":{"start":"08:00","end":"15:00"}}'),
('c0000001-0000-0000-0000-000000000032', 'a0000001-0000-0000-0000-000000000013', 'Alex Ruiz', 'alex@happypaws.com', '(408) 555-1032', 'Pet Groomer', 'active', '{"monday":{"start":"09:00","end":"17:00"},"tuesday":{"start":"09:00","end":"17:00"},"wednesday":{"start":"09:00","end":"17:00"},"thursday":{"start":"09:00","end":"17:00"},"friday":{"start":"09:00","end":"17:00"}}'),
('c0000001-0000-0000-0000-000000000033', 'a0000001-0000-0000-0000-000000000014', 'Tony Reeves', 'tony@eliteauto.com', '(408) 555-1033', 'Master Detailer', 'active', '{"monday":{"start":"07:00","end":"17:00"},"tuesday":{"start":"07:00","end":"17:00"},"wednesday":{"start":"07:00","end":"17:00"},"thursday":{"start":"07:00","end":"17:00"},"friday":{"start":"07:00","end":"17:00"},"saturday":{"start":"08:00","end":"16:00"}}'),
('c0000001-0000-0000-0000-000000000034', 'a0000001-0000-0000-0000-000000000014', 'Miguel Santos', 'miguel@eliteauto.com', '(408) 555-1034', 'Auto Detailer', 'active', '{"monday":{"start":"07:00","end":"17:00"},"tuesday":{"start":"07:00","end":"17:00"},"wednesday":{"start":"07:00","end":"17:00"},"thursday":{"start":"07:00","end":"17:00"},"friday":{"start":"07:00","end":"17:00"}}'),
('c0000001-0000-0000-0000-000000000035', 'a0000001-0000-0000-0000-000000000015', 'Rachel Green', 'rachel@nutrilife.com', '(408) 555-1035', 'Certified Nutrition Coach', 'active', '{"monday":{"start":"08:00","end":"16:00"},"tuesday":{"start":"08:00","end":"16:00"},"wednesday":{"start":"08:00","end":"16:00"},"thursday":{"start":"08:00","end":"16:00"},"friday":{"start":"08:00","end":"14:00"}}');

-- ── SERVICES ────────────────────────────────────────────────────────────────

INSERT INTO services (id, tenant_id, category_id, name, description, duration_minutes, price, deposit_enabled, deposit_type, deposit_amount, buffer_time_after, color) VALUES
('d0000001-0000-0000-0000-000000000001', 'a0000001-0000-0000-0000-000000000001', '934ce2d0-4eda-4252-ab85-8d62289ef70b', 'Classic Haircut', 'Traditional precision haircut with hot towel finish', 30, 35.00, false, null, null, 5, '#1E40AF'),
('d0000001-0000-0000-0000-000000000002', 'a0000001-0000-0000-0000-000000000001', '934ce2d0-4eda-4252-ab85-8d62289ef70b', 'Skin Fade', 'Clean skin fade with sharp lineup', 45, 45.00, false, null, null, 5, '#7C3AED'),
('d0000001-0000-0000-0000-000000000003', 'a0000001-0000-0000-0000-000000000001', '934ce2d0-4eda-4252-ab85-8d62289ef70b', 'Beard Trim & Shape', 'Hot towel beard sculpting and trim', 20, 20.00, false, null, null, 5, '#059669'),
('d0000001-0000-0000-0000-000000000004', 'a0000001-0000-0000-0000-000000000001', '934ce2d0-4eda-4252-ab85-8d62289ef70b', 'Haircut + Beard Combo', 'Full haircut plus beard trim package', 60, 55.00, false, null, null, 10, '#DC2626'),
('d0000001-0000-0000-0000-000000000005', 'a0000001-0000-0000-0000-000000000001', '934ce2d0-4eda-4252-ab85-8d62289ef70b', 'Kids Haircut', 'Haircut for children under 12', 25, 25.00, false, null, null, 5, '#F59E0B'),
('d0000001-0000-0000-0000-000000000006', 'a0000001-0000-0000-0000-000000000002', 'cf7d47c0-d58b-49dc-a91e-d26107f3c799', 'Swedish Massage (60 min)', 'Relaxing full-body Swedish massage', 60, 95.00, true, 'fixed', 25.00, 15, '#6366F1'),
('d0000001-0000-0000-0000-000000000007', 'a0000001-0000-0000-0000-000000000002', 'cf7d47c0-d58b-49dc-a91e-d26107f3c799', 'Deep Tissue Massage (60 min)', 'Targeted deep tissue work for chronic tension', 60, 120.00, true, 'fixed', 30.00, 15, '#DC2626'),
('d0000001-0000-0000-0000-000000000008', 'a0000001-0000-0000-0000-000000000002', 'cf7d47c0-d58b-49dc-a91e-d26107f3c799', 'Hot Stone Massage (90 min)', 'Luxurious hot stone therapy', 90, 150.00, true, 'fixed', 40.00, 15, '#B45309'),
('d0000001-0000-0000-0000-000000000009', 'a0000001-0000-0000-0000-000000000002', 'cf7d47c0-d58b-49dc-a91e-d26107f3c799', 'Signature Facial', 'Deep cleansing facial with custom mask', 60, 110.00, true, 'percentage', 20.00, 10, '#10B981'),
('d0000001-0000-0000-0000-000000000010', 'a0000001-0000-0000-0000-000000000002', 'cf7d47c0-d58b-49dc-a91e-d26107f3c799', 'Couples Massage (60 min)', 'Side-by-side massage for two', 60, 180.00, true, 'fixed', 50.00, 15, '#EC4899'),
('d0000001-0000-0000-0000-000000000011', 'a0000001-0000-0000-0000-000000000002', 'cf7d47c0-d58b-49dc-a91e-d26107f3c799', 'Body Scrub & Wrap', 'Exfoliating body scrub followed by hydrating wrap', 75, 130.00, true, 'fixed', 35.00, 15, '#8B5CF6'),
('d0000001-0000-0000-0000-000000000012', 'a0000001-0000-0000-0000-000000000003', 'd712db4e-63b6-4bd8-b098-2a8169b82fc3', 'Vinyasa Flow', 'Dynamic flowing yoga class', 60, 25.00, false, null, null, 10, '#F97316'),
('d0000001-0000-0000-0000-000000000013', 'a0000001-0000-0000-0000-000000000003', 'd712db4e-63b6-4bd8-b098-2a8169b82fc3', 'Gentle Yoga', 'Beginner-friendly gentle stretching class', 60, 20.00, false, null, null, 10, '#22C55E'),
('d0000001-0000-0000-0000-000000000014', 'a0000001-0000-0000-0000-000000000003', 'd712db4e-63b6-4bd8-b098-2a8169b82fc3', 'Hot Yoga', 'Intensive heated yoga session', 75, 30.00, false, null, null, 15, '#EF4444'),
('d0000001-0000-0000-0000-000000000015', 'a0000001-0000-0000-0000-000000000003', 'd712db4e-63b6-4bd8-b098-2a8169b82fc3', 'Private Yoga Session', 'One-on-one customized yoga', 60, 85.00, true, 'fixed', 20.00, 10, '#8B5CF6'),
('d0000001-0000-0000-0000-000000000016', 'a0000001-0000-0000-0000-000000000003', 'd712db4e-63b6-4bd8-b098-2a8169b82fc3', 'Meditation & Breathwork', 'Guided meditation and pranayama', 45, 20.00, false, null, null, 5, '#6366F1'),
('d0000001-0000-0000-0000-000000000017', 'a0000001-0000-0000-0000-000000000004', '8f9cafc0-3377-4b9f-8dbe-955b4d19ac08', 'Discovery Session', 'Free 30-minute intro coaching call', 30, 0.00, false, null, null, 10, '#10B981'),
('d0000001-0000-0000-0000-000000000018', 'a0000001-0000-0000-0000-000000000004', '8f9cafc0-3377-4b9f-8dbe-955b4d19ac08', 'Executive Coaching (1hr)', 'One-on-one executive performance coaching', 60, 200.00, true, 'fixed', 50.00, 15, '#1E40AF'),
('d0000001-0000-0000-0000-000000000019', 'a0000001-0000-0000-0000-000000000004', '8f9cafc0-3377-4b9f-8dbe-955b4d19ac08', 'Career Strategy Session', 'Career pivot and growth planning', 90, 275.00, true, 'fixed', 75.00, 15, '#7C3AED'),
('d0000001-0000-0000-0000-000000000020', 'a0000001-0000-0000-0000-000000000004', '8f9cafc0-3377-4b9f-8dbe-955b4d19ac08', 'Leadership Workshop', 'Group leadership skills workshop (max 8)', 120, 150.00, true, 'percentage', 25.00, 15, '#DC2626'),
('d0000001-0000-0000-0000-000000000021', 'a0000001-0000-0000-0000-000000000005', 'cf7d47c0-d58b-49dc-a91e-d26107f3c799', 'Dental Cleaning', 'Routine teeth cleaning and polishing', 45, 120.00, true, 'fixed', 30.00, 10, '#0EA5E9'),
('d0000001-0000-0000-0000-000000000022', 'a0000001-0000-0000-0000-000000000005', 'cf7d47c0-d58b-49dc-a91e-d26107f3c799', 'Dental Exam + X-Rays', 'Comprehensive exam with full X-rays', 60, 180.00, true, 'fixed', 50.00, 10, '#6366F1'),
('d0000001-0000-0000-0000-000000000023', 'a0000001-0000-0000-0000-000000000005', 'cf7d47c0-d58b-49dc-a91e-d26107f3c799', 'Teeth Whitening', 'Professional in-office whitening', 90, 350.00, true, 'fixed', 100.00, 15, '#F59E0B'),
('d0000001-0000-0000-0000-000000000024', 'a0000001-0000-0000-0000-000000000005', 'cf7d47c0-d58b-49dc-a91e-d26107f3c799', 'Emergency Consultation', 'Urgent dental issue evaluation', 30, 95.00, false, null, null, 5, '#DC2626'),
('d0000001-0000-0000-0000-000000000025', 'a0000001-0000-0000-0000-000000000006', '934ce2d0-4eda-4252-ab85-8d62289ef70b', 'Hydrating Facial', 'Deep hydration facial for dry/combo skin', 60, 95.00, false, null, null, 10, '#0EA5E9'),
('d0000001-0000-0000-0000-000000000026', 'a0000001-0000-0000-0000-000000000006', '934ce2d0-4eda-4252-ab85-8d62289ef70b', 'Anti-Aging Facial', 'Collagen-boosting anti-aging treatment', 75, 145.00, true, 'fixed', 35.00, 10, '#EC4899'),
('d0000001-0000-0000-0000-000000000027', 'a0000001-0000-0000-0000-000000000006', '934ce2d0-4eda-4252-ab85-8d62289ef70b', 'Chemical Peel', 'Professional-grade chemical peel', 45, 120.00, true, 'fixed', 30.00, 10, '#F59E0B'),
('d0000001-0000-0000-0000-000000000028', 'a0000001-0000-0000-0000-000000000006', '934ce2d0-4eda-4252-ab85-8d62289ef70b', 'LED Light Therapy', 'Rejuvenating LED phototherapy session', 30, 65.00, false, null, null, 5, '#8B5CF6'),
('d0000001-0000-0000-0000-000000000029', 'a0000001-0000-0000-0000-000000000006', '934ce2d0-4eda-4252-ab85-8d62289ef70b', 'Microdermabrasion', 'Crystal-free microdermabrasion treatment', 50, 110.00, true, 'percentage', 20.00, 10, '#059669'),
('d0000001-0000-0000-0000-000000000030', 'a0000001-0000-0000-0000-000000000007', '934ce2d0-4eda-4252-ab85-8d62289ef70b', 'Classic Manicure', 'Shape, buff, cuticle care and polish', 30, 28.00, false, null, null, 5, '#EC4899'),
('d0000001-0000-0000-0000-000000000031', 'a0000001-0000-0000-0000-000000000007', '934ce2d0-4eda-4252-ab85-8d62289ef70b', 'Gel Manicure', 'Long-lasting gel polish manicure', 45, 45.00, false, null, null, 5, '#F43F5E'),
('d0000001-0000-0000-0000-000000000032', 'a0000001-0000-0000-0000-000000000007', '934ce2d0-4eda-4252-ab85-8d62289ef70b', 'Classic Pedicure', 'Relaxing pedicure with foot massage', 45, 38.00, false, null, null, 5, '#8B5CF6'),
('d0000001-0000-0000-0000-000000000033', 'a0000001-0000-0000-0000-000000000007', '934ce2d0-4eda-4252-ab85-8d62289ef70b', 'Spa Pedicure', 'Luxurious pedicure with paraffin wax', 60, 55.00, false, null, null, 5, '#6366F1'),
('d0000001-0000-0000-0000-000000000034', 'a0000001-0000-0000-0000-000000000007', '934ce2d0-4eda-4252-ab85-8d62289ef70b', 'Acrylic Full Set', 'Full set acrylic nail extensions', 75, 65.00, false, null, null, 5, '#DC2626'),
('d0000001-0000-0000-0000-000000000035', 'a0000001-0000-0000-0000-000000000007', '934ce2d0-4eda-4252-ab85-8d62289ef70b', 'Nail Art (per nail)', 'Custom nail art design', 15, 8.00, false, null, null, 0, '#F59E0B'),
('d0000001-0000-0000-0000-000000000036', 'a0000001-0000-0000-0000-000000000008', 'd712db4e-63b6-4bd8-b098-2a8169b82fc3', '1-on-1 Training (60 min)', 'Personalized one-on-one workout session', 60, 80.00, false, null, null, 10, '#1E40AF'),
('d0000001-0000-0000-0000-000000000037', 'a0000001-0000-0000-0000-000000000008', 'd712db4e-63b6-4bd8-b098-2a8169b82fc3', 'Small Group Training', 'Semi-private training (2-4 people)', 60, 45.00, false, null, null, 10, '#059669'),
('d0000001-0000-0000-0000-000000000038', 'a0000001-0000-0000-0000-000000000008', 'd712db4e-63b6-4bd8-b098-2a8169b82fc3', 'Fitness Assessment', 'Full body composition and strength test', 90, 100.00, true, 'fixed', 25.00, 15, '#7C3AED'),
('d0000001-0000-0000-0000-000000000039', 'a0000001-0000-0000-0000-000000000008', 'd712db4e-63b6-4bd8-b098-2a8169b82fc3', 'HIIT Bootcamp', 'High-intensity interval training class', 45, 30.00, false, null, null, 10, '#EF4444'),
('d0000001-0000-0000-0000-000000000040', 'a0000001-0000-0000-0000-000000000009', 'cf7d47c0-d58b-49dc-a91e-d26107f3c799', 'Individual Therapy (50 min)', 'One-on-one psychotherapy session', 50, 180.00, true, 'fixed', 50.00, 10, '#6366F1'),
('d0000001-0000-0000-0000-000000000041', 'a0000001-0000-0000-0000-000000000009', 'cf7d47c0-d58b-49dc-a91e-d26107f3c799', 'Couples Therapy', 'Relationship counseling for couples', 75, 250.00, true, 'fixed', 75.00, 15, '#EC4899'),
('d0000001-0000-0000-0000-000000000042', 'a0000001-0000-0000-0000-000000000009', 'cf7d47c0-d58b-49dc-a91e-d26107f3c799', 'Anxiety & Stress Management', 'CBT-based anxiety treatment session', 50, 180.00, true, 'fixed', 50.00, 10, '#10B981'),
('d0000001-0000-0000-0000-000000000043', 'a0000001-0000-0000-0000-000000000009', 'cf7d47c0-d58b-49dc-a91e-d26107f3c799', 'Initial Consultation', 'Free intake and assessment', 30, 0.00, false, null, null, 10, '#0EA5E9'),
('d0000001-0000-0000-0000-000000000044', 'a0000001-0000-0000-0000-000000000010', 'cf7d47c0-d58b-49dc-a91e-d26107f3c799', 'Chiropractic Adjustment', 'Full spine assessment and adjustment', 30, 75.00, false, null, null, 5, '#1E40AF'),
('d0000001-0000-0000-0000-000000000045', 'a0000001-0000-0000-0000-000000000010', 'cf7d47c0-d58b-49dc-a91e-d26107f3c799', 'New Patient Exam', 'Comprehensive exam with posture analysis', 60, 150.00, true, 'fixed', 40.00, 10, '#059669'),
('d0000001-0000-0000-0000-000000000046', 'a0000001-0000-0000-0000-000000000010', 'cf7d47c0-d58b-49dc-a91e-d26107f3c799', 'Sports Injury Rehab', 'Targeted sports injury rehabilitation session', 45, 120.00, false, null, null, 10, '#DC2626'),
('d0000001-0000-0000-0000-000000000047', 'a0000001-0000-0000-0000-000000000010', 'cf7d47c0-d58b-49dc-a91e-d26107f3c799', 'Spinal Decompression', 'Non-surgical decompression therapy', 30, 95.00, false, null, null, 10, '#7C3AED'),
('d0000001-0000-0000-0000-000000000048', 'a0000001-0000-0000-0000-000000000011', '934ce2d0-4eda-4252-ab85-8d62289ef70b', 'Classic Lash Extensions', 'Natural-look classic lash set', 90, 120.00, true, 'fixed', 30.00, 10, '#6366F1'),
('d0000001-0000-0000-0000-000000000049', 'a0000001-0000-0000-0000-000000000011', '934ce2d0-4eda-4252-ab85-8d62289ef70b', 'Volume Lash Extensions', 'Full and fluffy volume lash set', 120, 180.00, true, 'fixed', 50.00, 10, '#EC4899'),
('d0000001-0000-0000-0000-000000000050', 'a0000001-0000-0000-0000-000000000011', '934ce2d0-4eda-4252-ab85-8d62289ef70b', 'Lash Fill (2 week)', 'Refill for existing lash extensions', 60, 65.00, false, null, null, 5, '#8B5CF6'),
('d0000001-0000-0000-0000-000000000051', 'a0000001-0000-0000-0000-000000000011', '934ce2d0-4eda-4252-ab85-8d62289ef70b', 'Brow Lamination', 'Brow shaping and lamination treatment', 45, 55.00, false, null, null, 5, '#F59E0B'),
('d0000001-0000-0000-0000-000000000052', 'a0000001-0000-0000-0000-000000000011', '934ce2d0-4eda-4252-ab85-8d62289ef70b', 'Brow Tint & Shape', 'Custom brow tinting with wax shaping', 30, 35.00, false, null, null, 5, '#059669'),
('d0000001-0000-0000-0000-000000000053', 'a0000001-0000-0000-0000-000000000011', '934ce2d0-4eda-4252-ab85-8d62289ef70b', 'Lash Lift & Tint', 'Natural lash perm and tint', 60, 85.00, false, null, null, 5, '#0EA5E9'),
('d0000001-0000-0000-0000-000000000054', 'a0000001-0000-0000-0000-000000000012', '37faffd2-88d2-4abb-bc27-9ed0afbf9855', 'Guitar Lesson (30 min)', 'Private guitar instruction', 30, 45.00, false, null, null, 5, '#DC2626'),
('d0000001-0000-0000-0000-000000000055', 'a0000001-0000-0000-0000-000000000012', '37faffd2-88d2-4abb-bc27-9ed0afbf9855', 'Guitar Lesson (60 min)', 'Extended private guitar session', 60, 80.00, false, null, null, 10, '#B91C1C'),
('d0000001-0000-0000-0000-000000000056', 'a0000001-0000-0000-0000-000000000012', '37faffd2-88d2-4abb-bc27-9ed0afbf9855', 'Piano Lesson (30 min)', 'Private piano instruction', 30, 50.00, false, null, null, 5, '#1E40AF'),
('d0000001-0000-0000-0000-000000000057', 'a0000001-0000-0000-0000-000000000012', '37faffd2-88d2-4abb-bc27-9ed0afbf9855', 'Piano Lesson (60 min)', 'Extended private piano session', 60, 90.00, false, null, null, 10, '#1E3A8A'),
('d0000001-0000-0000-0000-000000000058', 'a0000001-0000-0000-0000-000000000012', '37faffd2-88d2-4abb-bc27-9ed0afbf9855', 'Drum Lesson (30 min)', 'Private drum kit instruction', 30, 45.00, false, null, null, 5, '#F59E0B'),
('d0000001-0000-0000-0000-000000000059', 'a0000001-0000-0000-0000-000000000012', '37faffd2-88d2-4abb-bc27-9ed0afbf9855', 'Voice Lesson (45 min)', 'Private vocal coaching', 45, 60.00, false, null, null, 5, '#EC4899'),
('d0000001-0000-0000-0000-000000000060', 'a0000001-0000-0000-0000-000000000012', '37faffd2-88d2-4abb-bc27-9ed0afbf9855', 'Trial Lesson (any instrument)', 'Free introductory lesson for new students', 30, 0.00, false, null, null, 5, '#10B981'),
('d0000001-0000-0000-0000-000000000061', 'a0000001-0000-0000-0000-000000000013', '2f45ed67-280c-498f-ad3b-951a1e5d6b5f', 'Small Dog Full Groom', 'Bath, haircut, nails, ears — under 25 lbs', 60, 55.00, false, null, null, 10, '#F97316'),
('d0000001-0000-0000-0000-000000000062', 'a0000001-0000-0000-0000-000000000013', '2f45ed67-280c-498f-ad3b-951a1e5d6b5f', 'Large Dog Full Groom', 'Bath, haircut, nails, ears — over 25 lbs', 90, 85.00, true, 'fixed', 20.00, 15, '#EA580C'),
('d0000001-0000-0000-0000-000000000063', 'a0000001-0000-0000-0000-000000000013', '2f45ed67-280c-498f-ad3b-951a1e5d6b5f', 'Bath & Brush Only', 'Bath, blowout, and brush (no haircut)', 45, 35.00, false, null, null, 10, '#0EA5E9'),
('d0000001-0000-0000-0000-000000000064', 'a0000001-0000-0000-0000-000000000013', '2f45ed67-280c-498f-ad3b-951a1e5d6b5f', 'Nail Trim Only', 'Quick nail clip and file', 15, 15.00, false, null, null, 5, '#059669'),
('d0000001-0000-0000-0000-000000000065', 'a0000001-0000-0000-0000-000000000013', '2f45ed67-280c-498f-ad3b-951a1e5d6b5f', 'Cat Grooming', 'Gentle cat bath and grooming', 60, 70.00, true, 'fixed', 15.00, 15, '#8B5CF6'),
('d0000001-0000-0000-0000-000000000066', 'a0000001-0000-0000-0000-000000000014', '3e924d19-44d1-4bc7-849a-cfe9e961a458', 'Express Wash & Wax', 'Quick exterior wash and spray wax', 45, 40.00, false, null, null, 10, '#1E40AF'),
('d0000001-0000-0000-0000-000000000067', 'a0000001-0000-0000-0000-000000000014', '3e924d19-44d1-4bc7-849a-cfe9e961a458', 'Interior Detail', 'Full vacuum, shampoo, leather conditioning', 90, 120.00, true, 'fixed', 30.00, 15, '#059669'),
('d0000001-0000-0000-0000-000000000068', 'a0000001-0000-0000-0000-000000000014', '3e924d19-44d1-4bc7-849a-cfe9e961a458', 'Full Detail Package', 'Complete interior + exterior detail', 180, 250.00, true, 'fixed', 75.00, 30, '#7C3AED'),
('d0000001-0000-0000-0000-000000000069', 'a0000001-0000-0000-0000-000000000014', '3e924d19-44d1-4bc7-849a-cfe9e961a458', 'Paint Correction & Ceramic Coat', 'Multi-stage polish + ceramic coating', 300, 500.00, true, 'fixed', 150.00, 30, '#DC2626'),
('d0000001-0000-0000-0000-000000000070', 'a0000001-0000-0000-0000-000000000014', '3e924d19-44d1-4bc7-849a-cfe9e961a458', 'Headlight Restoration', 'Lens polishing and UV sealant', 45, 60.00, false, null, null, 10, '#F59E0B'),
('d0000001-0000-0000-0000-000000000071', 'a0000001-0000-0000-0000-000000000015', 'ba4ecccf-283b-4a03-8e17-e941a03b885b', 'Initial Nutrition Assessment', 'Comprehensive health history and diet analysis', 90, 150.00, true, 'fixed', 40.00, 15, '#10B981'),
('d0000001-0000-0000-0000-000000000072', 'a0000001-0000-0000-0000-000000000015', 'ba4ecccf-283b-4a03-8e17-e941a03b885b', 'Follow-up Session', 'Progress review and meal plan adjustment', 45, 85.00, false, null, null, 10, '#059669'),
('d0000001-0000-0000-0000-000000000073', 'a0000001-0000-0000-0000-000000000015', 'ba4ecccf-283b-4a03-8e17-e941a03b885b', 'Meal Prep Workshop', 'Group meal prep and cooking class (max 6)', 120, 65.00, true, 'fixed', 15.00, 15, '#F97316'),
('d0000001-0000-0000-0000-000000000074', 'a0000001-0000-0000-0000-000000000015', 'ba4ecccf-283b-4a03-8e17-e941a03b885b', 'Weight Management Program', '4-week guided weight management plan', 60, 120.00, true, 'percentage', 25.00, 10, '#6366F1'),
('d0000001-0000-0000-0000-000000000075', 'a0000001-0000-0000-0000-000000000015', 'ba4ecccf-283b-4a03-8e17-e941a03b885b', 'Free Discovery Call', 'Quick intro call to discuss your goals', 20, 0.00, false, null, null, 5, '#0EA5E9');

-- ── SERVICE EXTRAS ──────────────────────────────────────────────────────────

INSERT INTO service_extras (service_id, name, price, duration_minutes) VALUES
('d0000001-0000-0000-0000-000000000001', 'Hot Towel Treatment', 5.00, 5),
('d0000001-0000-0000-0000-000000000001', 'Hair Wash', 8.00, 10),
('d0000001-0000-0000-0000-000000000002', 'Design/Pattern', 15.00, 15),
('d0000001-0000-0000-0000-000000000002', 'Eyebrow Cleanup', 5.00, 5),
('d0000001-0000-0000-0000-000000000006', 'Aromatherapy Upgrade', 15.00, 0),
('d0000001-0000-0000-0000-000000000006', 'CBD Oil Add-on', 20.00, 0),
('d0000001-0000-0000-0000-000000000006', 'Extended 30 min', 50.00, 30),
('d0000001-0000-0000-0000-000000000007', 'Cupping Therapy', 25.00, 15),
('d0000001-0000-0000-0000-000000000007', 'Hot Stone Add-on', 20.00, 10),
('d0000001-0000-0000-0000-000000000009', 'LED Therapy Add-on', 20.00, 10),
('d0000001-0000-0000-0000-000000000009', 'Collagen Mask Upgrade', 15.00, 5),
('d0000001-0000-0000-0000-000000000025', 'Vitamin C Serum Boost', 15.00, 0),
('d0000001-0000-0000-0000-000000000025', 'Eye Treatment Add-on', 20.00, 10),
('d0000001-0000-0000-0000-000000000026', 'Neck & Decollete Extension', 25.00, 15),
('d0000001-0000-0000-0000-000000000029', 'Hydrating Mask', 15.00, 10),
('d0000001-0000-0000-0000-000000000030', 'Gel Polish Upgrade', 12.00, 10),
('d0000001-0000-0000-0000-000000000030', 'Paraffin Wax', 10.00, 10),
('d0000001-0000-0000-0000-000000000032', 'Callus Removal', 10.00, 10),
('d0000001-0000-0000-0000-000000000032', 'Hot Stone Massage', 15.00, 10),
('d0000001-0000-0000-0000-000000000033', 'Sugar Scrub', 8.00, 5),
('d0000001-0000-0000-0000-000000000048', 'Colored Lash Mix', 10.00, 0),
('d0000001-0000-0000-0000-000000000049', 'Mega Volume Upgrade', 30.00, 20),
('d0000001-0000-0000-0000-000000000051', 'Brow Tint Add-on', 15.00, 10),
('d0000001-0000-0000-0000-000000000061', 'Teeth Brushing', 8.00, 5),
('d0000001-0000-0000-0000-000000000061', 'Flea Treatment', 15.00, 10),
('d0000001-0000-0000-0000-000000000061', 'Blueberry Facial', 10.00, 5),
('d0000001-0000-0000-0000-000000000062', 'De-shedding Treatment', 20.00, 15),
('d0000001-0000-0000-0000-000000000062', 'Paw Pad Moisturizing', 8.00, 5),
('d0000001-0000-0000-0000-000000000066', 'Tire Dressing', 10.00, 10),
('d0000001-0000-0000-0000-000000000066', 'Rain-X Treatment', 15.00, 10),
('d0000001-0000-0000-0000-000000000067', 'Pet Hair Removal', 25.00, 20),
('d0000001-0000-0000-0000-000000000067', 'Ozone Treatment', 30.00, 15),
('d0000001-0000-0000-0000-000000000068', 'Engine Bay Clean', 35.00, 30);

-- ── SERVICE_STAFF JUNCTIONS ─────────────────────────────────────────────────

INSERT INTO service_staff (service_id, staff_id) VALUES
('d0000001-0000-0000-0000-000000000001', 'c0000001-0000-0000-0000-000000000001'),
('d0000001-0000-0000-0000-000000000001', 'c0000001-0000-0000-0000-000000000002'),
('d0000001-0000-0000-0000-000000000001', 'c0000001-0000-0000-0000-000000000003'),
('d0000001-0000-0000-0000-000000000002', 'c0000001-0000-0000-0000-000000000001'),
('d0000001-0000-0000-0000-000000000002', 'c0000001-0000-0000-0000-000000000002'),
('d0000001-0000-0000-0000-000000000002', 'c0000001-0000-0000-0000-000000000003'),
('d0000001-0000-0000-0000-000000000003', 'c0000001-0000-0000-0000-000000000001'),
('d0000001-0000-0000-0000-000000000003', 'c0000001-0000-0000-0000-000000000002'),
('d0000001-0000-0000-0000-000000000004', 'c0000001-0000-0000-0000-000000000001'),
('d0000001-0000-0000-0000-000000000004', 'c0000001-0000-0000-0000-000000000002'),
('d0000001-0000-0000-0000-000000000005', 'c0000001-0000-0000-0000-000000000002'),
('d0000001-0000-0000-0000-000000000005', 'c0000001-0000-0000-0000-000000000003'),
('d0000001-0000-0000-0000-000000000006', 'c0000001-0000-0000-0000-000000000004'),
('d0000001-0000-0000-0000-000000000006', 'c0000001-0000-0000-0000-000000000005'),
('d0000001-0000-0000-0000-000000000006', 'c0000001-0000-0000-0000-000000000007'),
('d0000001-0000-0000-0000-000000000007', 'c0000001-0000-0000-0000-000000000004'),
('d0000001-0000-0000-0000-000000000007', 'c0000001-0000-0000-0000-000000000005'),
('d0000001-0000-0000-0000-000000000008', 'c0000001-0000-0000-0000-000000000004'),
('d0000001-0000-0000-0000-000000000008', 'c0000001-0000-0000-0000-000000000007'),
('d0000001-0000-0000-0000-000000000009', 'c0000001-0000-0000-0000-000000000006'),
('d0000001-0000-0000-0000-000000000010', 'c0000001-0000-0000-0000-000000000004'),
('d0000001-0000-0000-0000-000000000010', 'c0000001-0000-0000-0000-000000000005'),
('d0000001-0000-0000-0000-000000000011', 'c0000001-0000-0000-0000-000000000006'),
('d0000001-0000-0000-0000-000000000011', 'c0000001-0000-0000-0000-000000000007'),
('d0000001-0000-0000-0000-000000000012', 'c0000001-0000-0000-0000-000000000008'),
('d0000001-0000-0000-0000-000000000012', 'c0000001-0000-0000-0000-000000000009'),
('d0000001-0000-0000-0000-000000000013', 'c0000001-0000-0000-0000-000000000008'),
('d0000001-0000-0000-0000-000000000013', 'c0000001-0000-0000-0000-000000000009'),
('d0000001-0000-0000-0000-000000000014', 'c0000001-0000-0000-0000-000000000010'),
('d0000001-0000-0000-0000-000000000015', 'c0000001-0000-0000-0000-000000000008'),
('d0000001-0000-0000-0000-000000000015', 'c0000001-0000-0000-0000-000000000009'),
('d0000001-0000-0000-0000-000000000016', 'c0000001-0000-0000-0000-000000000008'),
('d0000001-0000-0000-0000-000000000017', 'c0000001-0000-0000-0000-000000000011'),
('d0000001-0000-0000-0000-000000000018', 'c0000001-0000-0000-0000-000000000011'),
('d0000001-0000-0000-0000-000000000019', 'c0000001-0000-0000-0000-000000000011'),
('d0000001-0000-0000-0000-000000000020', 'c0000001-0000-0000-0000-000000000011'),
('d0000001-0000-0000-0000-000000000021', 'c0000001-0000-0000-0000-000000000012'),
('d0000001-0000-0000-0000-000000000021', 'c0000001-0000-0000-0000-000000000014'),
('d0000001-0000-0000-0000-000000000022', 'c0000001-0000-0000-0000-000000000012'),
('d0000001-0000-0000-0000-000000000022', 'c0000001-0000-0000-0000-000000000013'),
('d0000001-0000-0000-0000-000000000023', 'c0000001-0000-0000-0000-000000000013'),
('d0000001-0000-0000-0000-000000000024', 'c0000001-0000-0000-0000-000000000012'),
('d0000001-0000-0000-0000-000000000024', 'c0000001-0000-0000-0000-000000000013'),
('d0000001-0000-0000-0000-000000000025', 'c0000001-0000-0000-0000-000000000015'),
('d0000001-0000-0000-0000-000000000025', 'c0000001-0000-0000-0000-000000000016'),
('d0000001-0000-0000-0000-000000000026', 'c0000001-0000-0000-0000-000000000015'),
('d0000001-0000-0000-0000-000000000027', 'c0000001-0000-0000-0000-000000000015'),
('d0000001-0000-0000-0000-000000000027', 'c0000001-0000-0000-0000-000000000016'),
('d0000001-0000-0000-0000-000000000028', 'c0000001-0000-0000-0000-000000000016'),
('d0000001-0000-0000-0000-000000000029', 'c0000001-0000-0000-0000-000000000015'),
('d0000001-0000-0000-0000-000000000030', 'c0000001-0000-0000-0000-000000000017'),
('d0000001-0000-0000-0000-000000000030', 'c0000001-0000-0000-0000-000000000018'),
('d0000001-0000-0000-0000-000000000031', 'c0000001-0000-0000-0000-000000000017'),
('d0000001-0000-0000-0000-000000000031', 'c0000001-0000-0000-0000-000000000018'),
('d0000001-0000-0000-0000-000000000032', 'c0000001-0000-0000-0000-000000000017'),
('d0000001-0000-0000-0000-000000000032', 'c0000001-0000-0000-0000-000000000019'),
('d0000001-0000-0000-0000-000000000033', 'c0000001-0000-0000-0000-000000000019'),
('d0000001-0000-0000-0000-000000000034', 'c0000001-0000-0000-0000-000000000017'),
('d0000001-0000-0000-0000-000000000035', 'c0000001-0000-0000-0000-000000000017'),
('d0000001-0000-0000-0000-000000000036', 'c0000001-0000-0000-0000-000000000020'),
('d0000001-0000-0000-0000-000000000036', 'c0000001-0000-0000-0000-000000000021'),
('d0000001-0000-0000-0000-000000000037', 'c0000001-0000-0000-0000-000000000020'),
('d0000001-0000-0000-0000-000000000037', 'c0000001-0000-0000-0000-000000000021'),
('d0000001-0000-0000-0000-000000000038', 'c0000001-0000-0000-0000-000000000020'),
('d0000001-0000-0000-0000-000000000039', 'c0000001-0000-0000-0000-000000000020'),
('d0000001-0000-0000-0000-000000000039', 'c0000001-0000-0000-0000-000000000021'),
('d0000001-0000-0000-0000-000000000040', 'c0000001-0000-0000-0000-000000000022'),
('d0000001-0000-0000-0000-000000000040', 'c0000001-0000-0000-0000-000000000023'),
('d0000001-0000-0000-0000-000000000041', 'c0000001-0000-0000-0000-000000000023'),
('d0000001-0000-0000-0000-000000000042', 'c0000001-0000-0000-0000-000000000022'),
('d0000001-0000-0000-0000-000000000043', 'c0000001-0000-0000-0000-000000000022'),
('d0000001-0000-0000-0000-000000000043', 'c0000001-0000-0000-0000-000000000023'),
('d0000001-0000-0000-0000-000000000044', 'c0000001-0000-0000-0000-000000000024'),
('d0000001-0000-0000-0000-000000000044', 'c0000001-0000-0000-0000-000000000025'),
('d0000001-0000-0000-0000-000000000045', 'c0000001-0000-0000-0000-000000000024'),
('d0000001-0000-0000-0000-000000000046', 'c0000001-0000-0000-0000-000000000025'),
('d0000001-0000-0000-0000-000000000047', 'c0000001-0000-0000-0000-000000000024'),
('d0000001-0000-0000-0000-000000000048', 'c0000001-0000-0000-0000-000000000026'),
('d0000001-0000-0000-0000-000000000049', 'c0000001-0000-0000-0000-000000000026'),
('d0000001-0000-0000-0000-000000000050', 'c0000001-0000-0000-0000-000000000026'),
('d0000001-0000-0000-0000-000000000051', 'c0000001-0000-0000-0000-000000000027'),
('d0000001-0000-0000-0000-000000000052', 'c0000001-0000-0000-0000-000000000027'),
('d0000001-0000-0000-0000-000000000053', 'c0000001-0000-0000-0000-000000000026'),
('d0000001-0000-0000-0000-000000000053', 'c0000001-0000-0000-0000-000000000027'),
('d0000001-0000-0000-0000-000000000054', 'c0000001-0000-0000-0000-000000000028'),
('d0000001-0000-0000-0000-000000000055', 'c0000001-0000-0000-0000-000000000028'),
('d0000001-0000-0000-0000-000000000056', 'c0000001-0000-0000-0000-000000000029'),
('d0000001-0000-0000-0000-000000000057', 'c0000001-0000-0000-0000-000000000029'),
('d0000001-0000-0000-0000-000000000058', 'c0000001-0000-0000-0000-000000000030'),
('d0000001-0000-0000-0000-000000000059', 'c0000001-0000-0000-0000-000000000030'),
('d0000001-0000-0000-0000-000000000060', 'c0000001-0000-0000-0000-000000000028'),
('d0000001-0000-0000-0000-000000000060', 'c0000001-0000-0000-0000-000000000029'),
('d0000001-0000-0000-0000-000000000060', 'c0000001-0000-0000-0000-000000000030'),
('d0000001-0000-0000-0000-000000000061', 'c0000001-0000-0000-0000-000000000031'),
('d0000001-0000-0000-0000-000000000061', 'c0000001-0000-0000-0000-000000000032'),
('d0000001-0000-0000-0000-000000000062', 'c0000001-0000-0000-0000-000000000031'),
('d0000001-0000-0000-0000-000000000062', 'c0000001-0000-0000-0000-000000000032'),
('d0000001-0000-0000-0000-000000000063', 'c0000001-0000-0000-0000-000000000031'),
('d0000001-0000-0000-0000-000000000063', 'c0000001-0000-0000-0000-000000000032'),
('d0000001-0000-0000-0000-000000000064', 'c0000001-0000-0000-0000-000000000031'),
('d0000001-0000-0000-0000-000000000064', 'c0000001-0000-0000-0000-000000000032'),
('d0000001-0000-0000-0000-000000000065', 'c0000001-0000-0000-0000-000000000031'),
('d0000001-0000-0000-0000-000000000066', 'c0000001-0000-0000-0000-000000000033'),
('d0000001-0000-0000-0000-000000000066', 'c0000001-0000-0000-0000-000000000034'),
('d0000001-0000-0000-0000-000000000067', 'c0000001-0000-0000-0000-000000000033'),
('d0000001-0000-0000-0000-000000000067', 'c0000001-0000-0000-0000-000000000034'),
('d0000001-0000-0000-0000-000000000068', 'c0000001-0000-0000-0000-000000000033'),
('d0000001-0000-0000-0000-000000000069', 'c0000001-0000-0000-0000-000000000033'),
('d0000001-0000-0000-0000-000000000070', 'c0000001-0000-0000-0000-000000000033'),
('d0000001-0000-0000-0000-000000000070', 'c0000001-0000-0000-0000-000000000034'),
('d0000001-0000-0000-0000-000000000071', 'c0000001-0000-0000-0000-000000000035'),
('d0000001-0000-0000-0000-000000000072', 'c0000001-0000-0000-0000-000000000035'),
('d0000001-0000-0000-0000-000000000073', 'c0000001-0000-0000-0000-000000000035'),
('d0000001-0000-0000-0000-000000000074', 'c0000001-0000-0000-0000-000000000035'),
('d0000001-0000-0000-0000-000000000075', 'c0000001-0000-0000-0000-000000000035');

-- ── COUPONS ─────────────────────────────────────────────────────────────────

INSERT INTO coupons (tenant_id, code, discount_type, discount_value, expires_at, usage_limit) VALUES
('a0000001-0000-0000-0000-000000000001', 'FIRSTFADE', 'percentage', 20.00, '2026-12-31 23:59:59+00', 100),
('a0000001-0000-0000-0000-000000000001', 'COMBO10', 'fixed', 10.00, '2026-06-30 23:59:59+00', 50),
('a0000001-0000-0000-0000-000000000002', 'RELAX15', 'percentage', 15.00, '2026-12-31 23:59:59+00', 200),
('a0000001-0000-0000-0000-000000000002', 'COUPLES25', 'fixed', 25.00, '2026-09-30 23:59:59+00', 100),
('a0000001-0000-0000-0000-000000000002', 'WELCOME', 'percentage', 10.00, NULL, NULL),
('a0000001-0000-0000-0000-000000000003', 'NAMASTE20', 'percentage', 20.00, '2026-12-31 23:59:59+00', 150),
('a0000001-0000-0000-0000-000000000003', '5OFF', 'fixed', 5.00, NULL, NULL),
('a0000001-0000-0000-0000-000000000006', 'GLOW10', 'percentage', 10.00, '2026-12-31 23:59:59+00', 100),
('a0000001-0000-0000-0000-000000000006', 'SUMMER25', 'fixed', 25.00, '2026-08-31 23:59:59+00', 50),
('a0000001-0000-0000-0000-000000000007', 'NAILS15', 'percentage', 15.00, '2026-12-31 23:59:59+00', 200),
('a0000001-0000-0000-0000-000000000007', 'MANI5', 'fixed', 5.00, NULL, NULL),
('a0000001-0000-0000-0000-000000000008', 'GETFIT20', 'percentage', 20.00, '2026-12-31 23:59:59+00', 100),
('a0000001-0000-0000-0000-000000000011', 'LASH20', 'percentage', 20.00, '2026-12-31 23:59:59+00', 100),
('a0000001-0000-0000-0000-000000000011', 'BROWBABE', 'fixed', 10.00, NULL, NULL),
('a0000001-0000-0000-0000-000000000012', 'ROCKON', 'percentage', 15.00, '2026-12-31 23:59:59+00', 100),
('a0000001-0000-0000-0000-000000000013', 'GOODBOY', 'percentage', 10.00, '2026-12-31 23:59:59+00', 100),
('a0000001-0000-0000-0000-000000000013', 'PAWSOME', 'fixed', 10.00, NULL, NULL),
('a0000001-0000-0000-0000-000000000014', 'SHINE20', 'percentage', 20.00, '2026-12-31 23:59:59+00', 50),
('a0000001-0000-0000-0000-000000000014', 'FULLDETAIL50', 'fixed', 50.00, '2026-09-30 23:59:59+00', 25),
('a0000001-0000-0000-0000-000000000015', 'HEALTHY10', 'percentage', 10.00, '2026-12-31 23:59:59+00', 100);
